SET IDENTITY_INSERT dbo.Exercice ON
-- Musculation
-- Shoulders
INSERT INTO dbo.Exercice (Id, Name, Description)  VALUES (1, 'Développé militaire assis au cadre guidé', '')
INSERT INTO dbo.Exercice (Id, Name, Description)  VALUES (2, 'Tirage menton debout avec barre', '')
INSERT INTO dbo.Exercice (Id, Name, Description)  VALUES (3, 'Développé arnold assis', '')
INSERT INTO dbo.Exercice (Id, Name, Description)  VALUES (4, 'Elévation latérale assis avec haltères', '')
INSERT INTO dbo.Exercice (Id, Name, Description)  VALUES (5, 'Elévation antérieure debout avec haltères', '')

-- Pectoral
INSERT INTO dbo.Exercice (Id, Name, Description)  VALUES (6, 'Développé couché avec barre', '')
INSERT INTO dbo.Exercice (Id, Name, Description)  VALUES (7, 'Développé couché avec haltères', '')
INSERT INTO dbo.Exercice (Id, Name, Description)  VALUES (8, 'Développé incliné avec barre', '')
INSERT INTO dbo.Exercice (Id, Name, Description)  VALUES (9, 'Développé incliné avec haltères', '')
INSERT INTO dbo.Exercice (Id, Name, Description)  VALUES (10, 'Pec Deck', '')

-- Back
INSERT INTO dbo.Exercice (Id, Name, Description)  VALUES (11, 'Tractions pronation', '')
INSERT INTO dbo.Exercice (Id, Name, Description)  VALUES (12, 'Tractions supination', '')
INSERT INTO dbo.Exercice (Id, Name, Description)  VALUES (13, 'Tirage poulie haute pronation', '')
INSERT INTO dbo.Exercice (Id, Name, Description)  VALUES (14, 'Tirage horizontal assis prise neutre', '')
INSERT INTO dbo.Exercice (Id, Name, Description)  VALUES (15, 'Rowing buste penché avec barre en pronation', '')

-- Arms
INSERT INTO dbo.Exercice (Id, Name, Description)  VALUES (16, 'Curl debout avec barre en supination', '')
INSERT INTO dbo.Exercice (Id, Name, Description)  VALUES (17, 'Curl assis avec haltères en supination', '')
INSERT INTO dbo.Exercice (Id, Name, Description)  VALUES (18, 'Curl assis avec haltères en prise neutre', '')
INSERT INTO dbo.Exercice (Id, Name, Description)  VALUES (19, 'Dips', '')
INSERT INTO dbo.Exercice (Id, Name, Description)  VALUES (20, 'Extension avec barre au front en pronation', '')
INSERT INTO dbo.Exercice (Id, Name, Description)  VALUES (21, 'Extension assis un haltère à deux bras', '')

-- Abs
INSERT INTO dbo.Exercice (Id, Name, Description)  VALUES (22, 'Flexion de buste à la poulie haute', '')
INSERT INTO dbo.Exercice (Id, Name, Description)  VALUES (23, 'Relevé de buste au sol pieds sur banc', '')
INSERT INTO dbo.Exercice (Id, Name, Description)  VALUES (24, 'Relevé de buste sur planche décliné', '')
INSERT INTO dbo.Exercice (Id, Name, Description)  VALUES (25, 'Oblique debout avec poulie basse', '')
INSERT INTO dbo.Exercice (Id, Name, Description)  VALUES (26, 'Essuie-glace à la barre fixe', '')

-- Legs
INSERT INTO dbo.Exercice (Id, Name, Description)  VALUES (27, 'Squat à la barre', '')
INSERT INTO dbo.Exercice (Id, Name, Description)  VALUES (28, 'Squat au cadre guidé', '')
INSERT INTO dbo.Exercice (Id, Name, Description)  VALUES (29, 'Squat militaire avec barre', '')
INSERT INTO dbo.Exercice (Id, Name, Description)  VALUES (30, 'Fentes avec haltères', '')
INSERT INTO dbo.Exercice (Id, Name, Description)  VALUES (31, 'Leg Press', '')

-- Glutes
INSERT INTO dbo.Exercice (Id, Name, Description)  VALUES (32, 'Montée sur banc avec haltères', '')
INSERT INTO dbo.Exercice (Id, Name, Description)  VALUES (33, 'Extension une jambe debout à la poulie basse', '')
INSERT INTO dbo.Exercice (Id, Name, Description)  VALUES (34, 'Presse inclinée avec talons uniquement', '')
INSERT INTO dbo.Exercice (Id, Name, Description)  VALUES (35, 'Hip thrust', '')
INSERT INTO dbo.Exercice (Id, Name, Description)  VALUES (36, 'Good morning', '')



-- Cardio
INSERT INTO dbo.Exercice (Id, Name, Description)  VALUES (37, 'Course à pieds en extérieur', '')
INSERT INTO dbo.Exercice (Id, Name, Description)  VALUES (38, 'Course à pieds sur tapis', '')
INSERT INTO dbo.Exercice (Id, Name, Description)  VALUES (39, 'Vélo elliptique', '')
INSERT INTO dbo.Exercice (Id, Name, Description)  VALUES (40, 'Yoga', '')
INSERT INTO dbo.Exercice (Id, Name, Description)  VALUES (41, 'Marche rapide en extérieur', '')



-- Crossfit / HIIT
INSERT INTO dbo.Exercice (Id, Name, Description)  VALUES (42, 'Gorille', '')
INSERT INTO dbo.Exercice (Id, Name, Description)  VALUES (43, 'Boxe coup droit', '')
INSERT INTO dbo.Exercice (Id, Name, Description)  VALUES (44, 'Squat Jump', '')
INSERT INTO dbo.Exercice (Id, Name, Description)  VALUES (45, 'Essuie glace debout', '')
INSERT INTO dbo.Exercice (Id, Name, Description)  VALUES (46, 'Squat sumo', '')
INSERT INTO dbo.Exercice (Id, Name, Description)  VALUES (47, 'Genoux twist', '')
INSERT INTO dbo.Exercice (Id, Name, Description)  VALUES (48, 'Fentes sautées', '')
INSERT INTO dbo.Exercice (Id, Name, Description)  VALUES (49, 'Burpees', '')
INSERT INTO dbo.Exercice (Id, Name, Description)  VALUES (50, 'Soulevé de terre 1 jambe', '')
INSERT INTO dbo.Exercice (Id, Name, Description)  VALUES (51, 'Talons fesses', '')
INSERT INTO dbo.Exercice (Id, Name, Description)  VALUES (52, 'Ciseaux devant derrières', '')
INSERT INTO dbo.Exercice (Id, Name, Description)  VALUES (53, 'Montée de genoux', '')
INSERT INTO dbo.Exercice (Id, Name, Description)  VALUES (54, 'Tipping', '')
INSERT INTO dbo.Exercice (Id, Name, Description)  VALUES (55, 'Pompes', '')
INSERT INTO dbo.Exercice (Id, Name, Description)  VALUES (56, 'Coup de genoux debout', '')
INSERT INTO dbo.Exercice (Id, Name, Description)  VALUES (57, 'Gainage grimpeur', '')
INSERT INTO dbo.Exercice (Id, Name, Description)  VALUES (58, 'Pompes scorpion', '')
INSERT INTO dbo.Exercice (Id, Name, Description)  VALUES (59, 'Gainage rotation bras en l''air alterné', '')
INSERT INTO dbo.Exercice (Id, Name, Description)  VALUES (60, 'Uppercut', '')
INSERT INTO dbo.Exercice (Id, Name, Description)  VALUES (61, 'Gainage oblique', '')
INSERT INTO dbo.Exercice (Id, Name, Description)  VALUES (62, 'Tire corde buste penché', '')
INSERT INTO dbo.Exercice (Id, Name, Description)  VALUES (63, 'Jumping Jacks', '')
INSERT INTO dbo.Exercice (Id, Name, Description)  VALUES (64, 'Fentes latérales', '')
INSERT INTO dbo.Exercice (Id, Name, Description)  VALUES (65, 'Spider climbers', '')
INSERT INTO dbo.Exercice (Id, Name, Description)  VALUES (66, 'Montée de hanches alternées au sol', '')
INSERT INTO dbo.Exercice (Id, Name, Description)  VALUES (67, 'Patineur', '')
INSERT INTO dbo.Exercice (Id, Name, Description)  VALUES (68, 'Essuie-glace assis', '')
INSERT INTO dbo.Exercice (Id, Name, Description)  VALUES (69, 'Corde à sauter', '')
INSERT INTO dbo.Exercice (Id, Name, Description)  VALUES (70, 'Sauts latéraux', '')
INSERT INTO dbo.Exercice (Id, Name, Description)  VALUES (71, 'Montée de corde', '')
INSERT INTO dbo.Exercice (Id, Name, Description)  VALUES (72, 'Superman', '')
INSERT INTO dbo.Exercice (Id, Name, Description)  VALUES (73, 'Chaise romaine', '')
INSERT INTO dbo.Exercice (Id, Name, Description)  VALUES (74, 'Crabe kicks', '')
INSERT INTO dbo.Exercice (Id, Name, Description)  VALUES (75, 'Planche saut groupé', '')
INSERT INTO dbo.Exercice (Id, Name, Description)  VALUES (76, 'Bateau', '')
INSERT INTO dbo.Exercice (Id, Name, Description)  VALUES (77, 'Bicyclette', '')
INSERT INTO dbo.Exercice (Id, Name, Description)  VALUES (78, 'Pompes chassées', '')
INSERT INTO dbo.Exercice (Id, Name, Description)  VALUES (79, 'Pompes croco', '')
INSERT INTO dbo.Exercice (Id, Name, Description)  VALUES (80, 'Bateau statique', '')
INSERT INTO dbo.Exercice (Id, Name, Description)  VALUES (81, 'Pompes en marchant', '')
INSERT INTO dbo.Exercice (Id, Name, Description)  VALUES (82, 'Fentes arrières alternées ', '')

SET IDENTITY_INSERT dbo.Exercice OFF



-- Musculation
INSERT INTO dbo.ExerciceTrainingType (ExerciceId, TrainingTypeId) VALUES (1, 1)
INSERT INTO dbo.ExerciceTrainingType (ExerciceId, TrainingTypeId) VALUES (2, 1)
INSERT INTO dbo.ExerciceTrainingType (ExerciceId, TrainingTypeId) VALUES (3, 1)
INSERT INTO dbo.ExerciceTrainingType (ExerciceId, TrainingTypeId) VALUES (4, 1)
INSERT INTO dbo.ExerciceTrainingType (ExerciceId, TrainingTypeId) VALUES (5, 1)
INSERT INTO dbo.ExerciceTrainingType (ExerciceId, TrainingTypeId) VALUES (6, 1)
INSERT INTO dbo.ExerciceTrainingType (ExerciceId, TrainingTypeId) VALUES (7, 1)
INSERT INTO dbo.ExerciceTrainingType (ExerciceId, TrainingTypeId) VALUES (8, 1)
INSERT INTO dbo.ExerciceTrainingType (ExerciceId, TrainingTypeId) VALUES (9, 1)
INSERT INTO dbo.ExerciceTrainingType (ExerciceId, TrainingTypeId) VALUES (10, 1)
INSERT INTO dbo.ExerciceTrainingType (ExerciceId, TrainingTypeId) VALUES (11, 1)
INSERT INTO dbo.ExerciceTrainingType (ExerciceId, TrainingTypeId) VALUES (12, 1)
INSERT INTO dbo.ExerciceTrainingType (ExerciceId, TrainingTypeId) VALUES (13, 1)
INSERT INTO dbo.ExerciceTrainingType (ExerciceId, TrainingTypeId) VALUES (14, 1)
INSERT INTO dbo.ExerciceTrainingType (ExerciceId, TrainingTypeId) VALUES (15, 1)
INSERT INTO dbo.ExerciceTrainingType (ExerciceId, TrainingTypeId) VALUES (16, 1)
INSERT INTO dbo.ExerciceTrainingType (ExerciceId, TrainingTypeId) VALUES (17, 1)
INSERT INTO dbo.ExerciceTrainingType (ExerciceId, TrainingTypeId) VALUES (18, 1)
INSERT INTO dbo.ExerciceTrainingType (ExerciceId, TrainingTypeId) VALUES (19, 1)
INSERT INTO dbo.ExerciceTrainingType (ExerciceId, TrainingTypeId) VALUES (20, 1)
INSERT INTO dbo.ExerciceTrainingType (ExerciceId, TrainingTypeId) VALUES (21, 1)
INSERT INTO dbo.ExerciceTrainingType (ExerciceId, TrainingTypeId) VALUES (22, 1)
INSERT INTO dbo.ExerciceTrainingType (ExerciceId, TrainingTypeId) VALUES (23, 1)
INSERT INTO dbo.ExerciceTrainingType (ExerciceId, TrainingTypeId) VALUES (24, 1)
INSERT INTO dbo.ExerciceTrainingType (ExerciceId, TrainingTypeId) VALUES (25, 1)
INSERT INTO dbo.ExerciceTrainingType (ExerciceId, TrainingTypeId) VALUES (26, 1)
INSERT INTO dbo.ExerciceTrainingType (ExerciceId, TrainingTypeId) VALUES (27, 1)
INSERT INTO dbo.ExerciceTrainingType (ExerciceId, TrainingTypeId) VALUES (28, 1)
INSERT INTO dbo.ExerciceTrainingType (ExerciceId, TrainingTypeId) VALUES (29, 1)
INSERT INTO dbo.ExerciceTrainingType (ExerciceId, TrainingTypeId) VALUES (30, 1)
INSERT INTO dbo.ExerciceTrainingType (ExerciceId, TrainingTypeId) VALUES (31, 1)
INSERT INTO dbo.ExerciceTrainingType (ExerciceId, TrainingTypeId) VALUES (32, 1)
INSERT INTO dbo.ExerciceTrainingType (ExerciceId, TrainingTypeId) VALUES (33, 1)
INSERT INTO dbo.ExerciceTrainingType (ExerciceId, TrainingTypeId) VALUES (34, 1)
INSERT INTO dbo.ExerciceTrainingType (ExerciceId, TrainingTypeId) VALUES (35, 1)
INSERT INTO dbo.ExerciceTrainingType (ExerciceId, TrainingTypeId) VALUES (36, 1)
-- Cardio
INSERT INTO dbo.ExerciceTrainingType (ExerciceId, TrainingTypeId) VALUES (37, 2)
INSERT INTO dbo.ExerciceTrainingType (ExerciceId, TrainingTypeId) VALUES (38, 2)
INSERT INTO dbo.ExerciceTrainingType (ExerciceId, TrainingTypeId) VALUES (39, 2)
INSERT INTO dbo.ExerciceTrainingType (ExerciceId, TrainingTypeId) VALUES (40, 2)
INSERT INTO dbo.ExerciceTrainingType (ExerciceId, TrainingTypeId) VALUES (41, 2)
-- Crossfit
INSERT INTO dbo.ExerciceTrainingType (ExerciceId, TrainingTypeId) VALUES (42, 3)
INSERT INTO dbo.ExerciceTrainingType (ExerciceId, TrainingTypeId) VALUES (43, 3)
INSERT INTO dbo.ExerciceTrainingType (ExerciceId, TrainingTypeId) VALUES (44, 3)
INSERT INTO dbo.ExerciceTrainingType (ExerciceId, TrainingTypeId) VALUES (45, 3)
INSERT INTO dbo.ExerciceTrainingType (ExerciceId, TrainingTypeId) VALUES (46, 3)
INSERT INTO dbo.ExerciceTrainingType (ExerciceId, TrainingTypeId) VALUES (47, 3)
INSERT INTO dbo.ExerciceTrainingType (ExerciceId, TrainingTypeId) VALUES (48, 3)
INSERT INTO dbo.ExerciceTrainingType (ExerciceId, TrainingTypeId) VALUES (49, 3)
INSERT INTO dbo.ExerciceTrainingType (ExerciceId, TrainingTypeId) VALUES (50, 3)
INSERT INTO dbo.ExerciceTrainingType (ExerciceId, TrainingTypeId) VALUES (51, 3)
INSERT INTO dbo.ExerciceTrainingType (ExerciceId, TrainingTypeId) VALUES (52, 3)
INSERT INTO dbo.ExerciceTrainingType (ExerciceId, TrainingTypeId) VALUES (53, 3)
INSERT INTO dbo.ExerciceTrainingType (ExerciceId, TrainingTypeId) VALUES (54, 3)
INSERT INTO dbo.ExerciceTrainingType (ExerciceId, TrainingTypeId) VALUES (55, 3)
INSERT INTO dbo.ExerciceTrainingType (ExerciceId, TrainingTypeId) VALUES (56, 3)
INSERT INTO dbo.ExerciceTrainingType (ExerciceId, TrainingTypeId) VALUES (57, 3)
INSERT INTO dbo.ExerciceTrainingType (ExerciceId, TrainingTypeId) VALUES (58, 3)
INSERT INTO dbo.ExerciceTrainingType (ExerciceId, TrainingTypeId) VALUES (59, 3)
INSERT INTO dbo.ExerciceTrainingType (ExerciceId, TrainingTypeId) VALUES (60, 3)
INSERT INTO dbo.ExerciceTrainingType (ExerciceId, TrainingTypeId) VALUES (61, 3)
INSERT INTO dbo.ExerciceTrainingType (ExerciceId, TrainingTypeId) VALUES (62, 3)
INSERT INTO dbo.ExerciceTrainingType (ExerciceId, TrainingTypeId) VALUES (63, 3)
INSERT INTO dbo.ExerciceTrainingType (ExerciceId, TrainingTypeId) VALUES (64, 3)
INSERT INTO dbo.ExerciceTrainingType (ExerciceId, TrainingTypeId) VALUES (65, 3)
INSERT INTO dbo.ExerciceTrainingType (ExerciceId, TrainingTypeId) VALUES (66, 3)
INSERT INTO dbo.ExerciceTrainingType (ExerciceId, TrainingTypeId) VALUES (67, 3)
INSERT INTO dbo.ExerciceTrainingType (ExerciceId, TrainingTypeId) VALUES (68, 3)
INSERT INTO dbo.ExerciceTrainingType (ExerciceId, TrainingTypeId) VALUES (69, 3)
INSERT INTO dbo.ExerciceTrainingType (ExerciceId, TrainingTypeId) VALUES (70, 3)
INSERT INTO dbo.ExerciceTrainingType (ExerciceId, TrainingTypeId) VALUES (71, 3)
INSERT INTO dbo.ExerciceTrainingType (ExerciceId, TrainingTypeId) VALUES (72, 3)
INSERT INTO dbo.ExerciceTrainingType (ExerciceId, TrainingTypeId) VALUES (73, 3)
INSERT INTO dbo.ExerciceTrainingType (ExerciceId, TrainingTypeId) VALUES (74, 3)
INSERT INTO dbo.ExerciceTrainingType (ExerciceId, TrainingTypeId) VALUES (75, 3)
INSERT INTO dbo.ExerciceTrainingType (ExerciceId, TrainingTypeId) VALUES (76, 3)
INSERT INTO dbo.ExerciceTrainingType (ExerciceId, TrainingTypeId) VALUES (77, 3)
INSERT INTO dbo.ExerciceTrainingType (ExerciceId, TrainingTypeId) VALUES (78, 3)
INSERT INTO dbo.ExerciceTrainingType (ExerciceId, TrainingTypeId) VALUES (79, 3)
INSERT INTO dbo.ExerciceTrainingType (ExerciceId, TrainingTypeId) VALUES (80, 3)
INSERT INTO dbo.ExerciceTrainingType (ExerciceId, TrainingTypeId) VALUES (81, 3)
INSERT INTO dbo.ExerciceTrainingType (ExerciceId, TrainingTypeId) VALUES (82, 3)
-- HIIT
INSERT INTO dbo.ExerciceTrainingType (ExerciceId, TrainingTypeId) VALUES (42, 4)
INSERT INTO dbo.ExerciceTrainingType (ExerciceId, TrainingTypeId) VALUES (43, 4)
INSERT INTO dbo.ExerciceTrainingType (ExerciceId, TrainingTypeId) VALUES (44, 4)
INSERT INTO dbo.ExerciceTrainingType (ExerciceId, TrainingTypeId) VALUES (45, 4)
INSERT INTO dbo.ExerciceTrainingType (ExerciceId, TrainingTypeId) VALUES (46, 4)
INSERT INTO dbo.ExerciceTrainingType (ExerciceId, TrainingTypeId) VALUES (47, 4)
INSERT INTO dbo.ExerciceTrainingType (ExerciceId, TrainingTypeId) VALUES (48, 4)
INSERT INTO dbo.ExerciceTrainingType (ExerciceId, TrainingTypeId) VALUES (49, 4)
INSERT INTO dbo.ExerciceTrainingType (ExerciceId, TrainingTypeId) VALUES (50, 4)
INSERT INTO dbo.ExerciceTrainingType (ExerciceId, TrainingTypeId) VALUES (51, 4)
INSERT INTO dbo.ExerciceTrainingType (ExerciceId, TrainingTypeId) VALUES (52, 4)
INSERT INTO dbo.ExerciceTrainingType (ExerciceId, TrainingTypeId) VALUES (53, 4)
INSERT INTO dbo.ExerciceTrainingType (ExerciceId, TrainingTypeId) VALUES (54, 4)
INSERT INTO dbo.ExerciceTrainingType (ExerciceId, TrainingTypeId) VALUES (55, 4)
INSERT INTO dbo.ExerciceTrainingType (ExerciceId, TrainingTypeId) VALUES (56, 4)
INSERT INTO dbo.ExerciceTrainingType (ExerciceId, TrainingTypeId) VALUES (57, 4)
INSERT INTO dbo.ExerciceTrainingType (ExerciceId, TrainingTypeId) VALUES (58, 4)
INSERT INTO dbo.ExerciceTrainingType (ExerciceId, TrainingTypeId) VALUES (59, 4)
INSERT INTO dbo.ExerciceTrainingType (ExerciceId, TrainingTypeId) VALUES (60, 4)
INSERT INTO dbo.ExerciceTrainingType (ExerciceId, TrainingTypeId) VALUES (61, 4)
INSERT INTO dbo.ExerciceTrainingType (ExerciceId, TrainingTypeId) VALUES (62, 4)
INSERT INTO dbo.ExerciceTrainingType (ExerciceId, TrainingTypeId) VALUES (63, 4)
INSERT INTO dbo.ExerciceTrainingType (ExerciceId, TrainingTypeId) VALUES (64, 4)
INSERT INTO dbo.ExerciceTrainingType (ExerciceId, TrainingTypeId) VALUES (65, 4)
INSERT INTO dbo.ExerciceTrainingType (ExerciceId, TrainingTypeId) VALUES (66, 4)
INSERT INTO dbo.ExerciceTrainingType (ExerciceId, TrainingTypeId) VALUES (67, 4)
INSERT INTO dbo.ExerciceTrainingType (ExerciceId, TrainingTypeId) VALUES (68, 4)
INSERT INTO dbo.ExerciceTrainingType (ExerciceId, TrainingTypeId) VALUES (69, 4)
INSERT INTO dbo.ExerciceTrainingType (ExerciceId, TrainingTypeId) VALUES (70, 4)
INSERT INTO dbo.ExerciceTrainingType (ExerciceId, TrainingTypeId) VALUES (71, 4)
INSERT INTO dbo.ExerciceTrainingType (ExerciceId, TrainingTypeId) VALUES (72, 4)
INSERT INTO dbo.ExerciceTrainingType (ExerciceId, TrainingTypeId) VALUES (73, 4)
INSERT INTO dbo.ExerciceTrainingType (ExerciceId, TrainingTypeId) VALUES (74, 4)
INSERT INTO dbo.ExerciceTrainingType (ExerciceId, TrainingTypeId) VALUES (75, 4)
INSERT INTO dbo.ExerciceTrainingType (ExerciceId, TrainingTypeId) VALUES (76, 4)
INSERT INTO dbo.ExerciceTrainingType (ExerciceId, TrainingTypeId) VALUES (77, 4)
INSERT INTO dbo.ExerciceTrainingType (ExerciceId, TrainingTypeId) VALUES (78, 4)
INSERT INTO dbo.ExerciceTrainingType (ExerciceId, TrainingTypeId) VALUES (79, 4)
INSERT INTO dbo.ExerciceTrainingType (ExerciceId, TrainingTypeId) VALUES (80, 4)
INSERT INTO dbo.ExerciceTrainingType (ExerciceId, TrainingTypeId) VALUES (81, 4)
INSERT INTO dbo.ExerciceTrainingType (ExerciceId, TrainingTypeId) VALUES (82, 4)



-- WeightLoss
INSERT INTO dbo.ExerciceGoal (ExerciceId, GoalId) VALUES (1, 1)
INSERT INTO dbo.ExerciceGoal (ExerciceId, GoalId) VALUES (2, 1)
INSERT INTO dbo.ExerciceGoal (ExerciceId, GoalId) VALUES (3, 1)
INSERT INTO dbo.ExerciceGoal (ExerciceId, GoalId) VALUES (4, 1)
INSERT INTO dbo.ExerciceGoal (ExerciceId, GoalId) VALUES (5, 1)
INSERT INTO dbo.ExerciceGoal (ExerciceId, GoalId) VALUES (6, 1)
INSERT INTO dbo.ExerciceGoal (ExerciceId, GoalId) VALUES (7, 1)
INSERT INTO dbo.ExerciceGoal (ExerciceId, GoalId) VALUES (8, 1)
INSERT INTO dbo.ExerciceGoal (ExerciceId, GoalId) VALUES (9, 1)
INSERT INTO dbo.ExerciceGoal (ExerciceId, GoalId) VALUES (10, 1)
INSERT INTO dbo.ExerciceGoal (ExerciceId, GoalId) VALUES (11, 1)
INSERT INTO dbo.ExerciceGoal (ExerciceId, GoalId) VALUES (12, 1)
INSERT INTO dbo.ExerciceGoal (ExerciceId, GoalId) VALUES (13, 1)
INSERT INTO dbo.ExerciceGoal (ExerciceId, GoalId) VALUES (14, 1)
INSERT INTO dbo.ExerciceGoal (ExerciceId, GoalId) VALUES (15, 1)
INSERT INTO dbo.ExerciceGoal (ExerciceId, GoalId) VALUES (16, 1)
INSERT INTO dbo.ExerciceGoal (ExerciceId, GoalId) VALUES (17, 1)
INSERT INTO dbo.ExerciceGoal (ExerciceId, GoalId) VALUES (18, 1)
INSERT INTO dbo.ExerciceGoal (ExerciceId, GoalId) VALUES (19, 1)
INSERT INTO dbo.ExerciceGoal (ExerciceId, GoalId) VALUES (20, 1)
INSERT INTO dbo.ExerciceGoal (ExerciceId, GoalId) VALUES (21, 1)
INSERT INTO dbo.ExerciceGoal (ExerciceId, GoalId) VALUES (22, 1)
INSERT INTO dbo.ExerciceGoal (ExerciceId, GoalId) VALUES (23, 1)
INSERT INTO dbo.ExerciceGoal (ExerciceId, GoalId) VALUES (24, 1)
INSERT INTO dbo.ExerciceGoal (ExerciceId, GoalId) VALUES (25, 1)
INSERT INTO dbo.ExerciceGoal (ExerciceId, GoalId) VALUES (26, 1)
INSERT INTO dbo.ExerciceGoal (ExerciceId, GoalId) VALUES (27, 1)
INSERT INTO dbo.ExerciceGoal (ExerciceId, GoalId) VALUES (28, 1)
INSERT INTO dbo.ExerciceGoal (ExerciceId, GoalId) VALUES (29, 1)
INSERT INTO dbo.ExerciceGoal (ExerciceId, GoalId) VALUES (30, 1)
INSERT INTO dbo.ExerciceGoal (ExerciceId, GoalId) VALUES (31, 1)
INSERT INTO dbo.ExerciceGoal (ExerciceId, GoalId) VALUES (32, 1)
INSERT INTO dbo.ExerciceGoal (ExerciceId, GoalId) VALUES (33, 1)
INSERT INTO dbo.ExerciceGoal (ExerciceId, GoalId) VALUES (34, 1)
INSERT INTO dbo.ExerciceGoal (ExerciceId, GoalId) VALUES (35, 1)
INSERT INTO dbo.ExerciceGoal (ExerciceId, GoalId) VALUES (36, 1)
INSERT INTO dbo.ExerciceGoal (ExerciceId, GoalId) VALUES (37, 1)
INSERT INTO dbo.ExerciceGoal (ExerciceId, GoalId) VALUES (38, 1)
INSERT INTO dbo.ExerciceGoal (ExerciceId, GoalId) VALUES (39, 1)
INSERT INTO dbo.ExerciceGoal (ExerciceId, GoalId) VALUES (40, 1)
INSERT INTO dbo.ExerciceGoal (ExerciceId, GoalId) VALUES (41, 1)
INSERT INTO dbo.ExerciceGoal (ExerciceId, GoalId) VALUES (42, 1)
INSERT INTO dbo.ExerciceGoal (ExerciceId, GoalId) VALUES (43, 1)
INSERT INTO dbo.ExerciceGoal (ExerciceId, GoalId) VALUES (44, 1)
INSERT INTO dbo.ExerciceGoal (ExerciceId, GoalId) VALUES (45, 1)
INSERT INTO dbo.ExerciceGoal (ExerciceId, GoalId) VALUES (46, 1)
INSERT INTO dbo.ExerciceGoal (ExerciceId, GoalId) VALUES (47, 1)
INSERT INTO dbo.ExerciceGoal (ExerciceId, GoalId) VALUES (48, 1)
INSERT INTO dbo.ExerciceGoal (ExerciceId, GoalId) VALUES (49, 1)
INSERT INTO dbo.ExerciceGoal (ExerciceId, GoalId) VALUES (50, 1)
INSERT INTO dbo.ExerciceGoal (ExerciceId, GoalId) VALUES (51, 1)
INSERT INTO dbo.ExerciceGoal (ExerciceId, GoalId) VALUES (52, 1)
INSERT INTO dbo.ExerciceGoal (ExerciceId, GoalId) VALUES (53, 1)
INSERT INTO dbo.ExerciceGoal (ExerciceId, GoalId) VALUES (54, 1)
INSERT INTO dbo.ExerciceGoal (ExerciceId, GoalId) VALUES (55, 1)
INSERT INTO dbo.ExerciceGoal (ExerciceId, GoalId) VALUES (56, 1)
INSERT INTO dbo.ExerciceGoal (ExerciceId, GoalId) VALUES (57, 1)
INSERT INTO dbo.ExerciceGoal (ExerciceId, GoalId) VALUES (58, 1)
INSERT INTO dbo.ExerciceGoal (ExerciceId, GoalId) VALUES (59, 1)
INSERT INTO dbo.ExerciceGoal (ExerciceId, GoalId) VALUES (60, 1)
INSERT INTO dbo.ExerciceGoal (ExerciceId, GoalId) VALUES (61, 1)
INSERT INTO dbo.ExerciceGoal (ExerciceId, GoalId) VALUES (62, 1)
INSERT INTO dbo.ExerciceGoal (ExerciceId, GoalId) VALUES (63, 1)
INSERT INTO dbo.ExerciceGoal (ExerciceId, GoalId) VALUES (64, 1)
INSERT INTO dbo.ExerciceGoal (ExerciceId, GoalId) VALUES (65, 1)
INSERT INTO dbo.ExerciceGoal (ExerciceId, GoalId) VALUES (66, 1)
INSERT INTO dbo.ExerciceGoal (ExerciceId, GoalId) VALUES (67, 1)
INSERT INTO dbo.ExerciceGoal (ExerciceId, GoalId) VALUES (68, 1)
INSERT INTO dbo.ExerciceGoal (ExerciceId, GoalId) VALUES (69, 1)
INSERT INTO dbo.ExerciceGoal (ExerciceId, GoalId) VALUES (70, 1)
INSERT INTO dbo.ExerciceGoal (ExerciceId, GoalId) VALUES (71, 1)
INSERT INTO dbo.ExerciceGoal (ExerciceId, GoalId) VALUES (72, 1)
INSERT INTO dbo.ExerciceGoal (ExerciceId, GoalId) VALUES (73, 1)
INSERT INTO dbo.ExerciceGoal (ExerciceId, GoalId) VALUES (74, 1)
INSERT INTO dbo.ExerciceGoal (ExerciceId, GoalId) VALUES (75, 1)
INSERT INTO dbo.ExerciceGoal (ExerciceId, GoalId) VALUES (76, 1)
INSERT INTO dbo.ExerciceGoal (ExerciceId, GoalId) VALUES (77, 1)
INSERT INTO dbo.ExerciceGoal (ExerciceId, GoalId) VALUES (78, 1)
INSERT INTO dbo.ExerciceGoal (ExerciceId, GoalId) VALUES (79, 1)
INSERT INTO dbo.ExerciceGoal (ExerciceId, GoalId) VALUES (80, 1)
INSERT INTO dbo.ExerciceGoal (ExerciceId, GoalId) VALUES (81, 1)
INSERT INTO dbo.ExerciceGoal (ExerciceId, GoalId) VALUES (82, 1)
-- WeightGain
INSERT INTO dbo.ExerciceGoal (ExerciceId, GoalId) VALUES (1, 2)
INSERT INTO dbo.ExerciceGoal (ExerciceId, GoalId) VALUES (2, 2)
INSERT INTO dbo.ExerciceGoal (ExerciceId, GoalId) VALUES (3, 2)
INSERT INTO dbo.ExerciceGoal (ExerciceId, GoalId) VALUES (4, 2)
INSERT INTO dbo.ExerciceGoal (ExerciceId, GoalId) VALUES (5, 2)
INSERT INTO dbo.ExerciceGoal (ExerciceId, GoalId) VALUES (6, 2)
INSERT INTO dbo.ExerciceGoal (ExerciceId, GoalId) VALUES (7, 2)
INSERT INTO dbo.ExerciceGoal (ExerciceId, GoalId) VALUES (8, 2)
INSERT INTO dbo.ExerciceGoal (ExerciceId, GoalId) VALUES (9, 2)
INSERT INTO dbo.ExerciceGoal (ExerciceId, GoalId) VALUES (10, 2)
INSERT INTO dbo.ExerciceGoal (ExerciceId, GoalId) VALUES (11, 2)
INSERT INTO dbo.ExerciceGoal (ExerciceId, GoalId) VALUES (12, 2)
INSERT INTO dbo.ExerciceGoal (ExerciceId, GoalId) VALUES (13, 2)
INSERT INTO dbo.ExerciceGoal (ExerciceId, GoalId) VALUES (14, 2)
INSERT INTO dbo.ExerciceGoal (ExerciceId, GoalId) VALUES (15, 2)
INSERT INTO dbo.ExerciceGoal (ExerciceId, GoalId) VALUES (16, 2)
INSERT INTO dbo.ExerciceGoal (ExerciceId, GoalId) VALUES (17, 2)
INSERT INTO dbo.ExerciceGoal (ExerciceId, GoalId) VALUES (18, 2)
INSERT INTO dbo.ExerciceGoal (ExerciceId, GoalId) VALUES (19, 2)
INSERT INTO dbo.ExerciceGoal (ExerciceId, GoalId) VALUES (20, 2)
INSERT INTO dbo.ExerciceGoal (ExerciceId, GoalId) VALUES (21, 2)
INSERT INTO dbo.ExerciceGoal (ExerciceId, GoalId) VALUES (22, 2)
INSERT INTO dbo.ExerciceGoal (ExerciceId, GoalId) VALUES (23, 2)
INSERT INTO dbo.ExerciceGoal (ExerciceId, GoalId) VALUES (24, 2)
INSERT INTO dbo.ExerciceGoal (ExerciceId, GoalId) VALUES (25, 2)
INSERT INTO dbo.ExerciceGoal (ExerciceId, GoalId) VALUES (26, 2)
INSERT INTO dbo.ExerciceGoal (ExerciceId, GoalId) VALUES (27, 2)
INSERT INTO dbo.ExerciceGoal (ExerciceId, GoalId) VALUES (28, 2)
INSERT INTO dbo.ExerciceGoal (ExerciceId, GoalId) VALUES (29, 2)
INSERT INTO dbo.ExerciceGoal (ExerciceId, GoalId) VALUES (30, 2)
INSERT INTO dbo.ExerciceGoal (ExerciceId, GoalId) VALUES (31, 2)
INSERT INTO dbo.ExerciceGoal (ExerciceId, GoalId) VALUES (32, 2)
INSERT INTO dbo.ExerciceGoal (ExerciceId, GoalId) VALUES (33, 2)
INSERT INTO dbo.ExerciceGoal (ExerciceId, GoalId) VALUES (34, 2)
INSERT INTO dbo.ExerciceGoal (ExerciceId, GoalId) VALUES (35, 2)
INSERT INTO dbo.ExerciceGoal (ExerciceId, GoalId) VALUES (36, 2)
INSERT INTO dbo.ExerciceGoal (ExerciceId, GoalId) VALUES (42, 2)
INSERT INTO dbo.ExerciceGoal (ExerciceId, GoalId) VALUES (43, 2)
INSERT INTO dbo.ExerciceGoal (ExerciceId, GoalId) VALUES (44, 2)
INSERT INTO dbo.ExerciceGoal (ExerciceId, GoalId) VALUES (45, 2)
INSERT INTO dbo.ExerciceGoal (ExerciceId, GoalId) VALUES (46, 2)
INSERT INTO dbo.ExerciceGoal (ExerciceId, GoalId) VALUES (47, 2)
INSERT INTO dbo.ExerciceGoal (ExerciceId, GoalId) VALUES (48, 2)
INSERT INTO dbo.ExerciceGoal (ExerciceId, GoalId) VALUES (49, 2)
INSERT INTO dbo.ExerciceGoal (ExerciceId, GoalId) VALUES (50, 2)
INSERT INTO dbo.ExerciceGoal (ExerciceId, GoalId) VALUES (51, 2)
INSERT INTO dbo.ExerciceGoal (ExerciceId, GoalId) VALUES (52, 2)
INSERT INTO dbo.ExerciceGoal (ExerciceId, GoalId) VALUES (53, 2)
INSERT INTO dbo.ExerciceGoal (ExerciceId, GoalId) VALUES (54, 2)
INSERT INTO dbo.ExerciceGoal (ExerciceId, GoalId) VALUES (55, 2)
INSERT INTO dbo.ExerciceGoal (ExerciceId, GoalId) VALUES (56, 2)
INSERT INTO dbo.ExerciceGoal (ExerciceId, GoalId) VALUES (57, 2)
INSERT INTO dbo.ExerciceGoal (ExerciceId, GoalId) VALUES (58, 2)
INSERT INTO dbo.ExerciceGoal (ExerciceId, GoalId) VALUES (59, 2)
INSERT INTO dbo.ExerciceGoal (ExerciceId, GoalId) VALUES (60, 2)
INSERT INTO dbo.ExerciceGoal (ExerciceId, GoalId) VALUES (61, 2)
INSERT INTO dbo.ExerciceGoal (ExerciceId, GoalId) VALUES (62, 2)
INSERT INTO dbo.ExerciceGoal (ExerciceId, GoalId) VALUES (63, 2)
INSERT INTO dbo.ExerciceGoal (ExerciceId, GoalId) VALUES (64, 2)
INSERT INTO dbo.ExerciceGoal (ExerciceId, GoalId) VALUES (65, 2)
INSERT INTO dbo.ExerciceGoal (ExerciceId, GoalId) VALUES (66, 2)
INSERT INTO dbo.ExerciceGoal (ExerciceId, GoalId) VALUES (67, 2)
INSERT INTO dbo.ExerciceGoal (ExerciceId, GoalId) VALUES (68, 2)
INSERT INTO dbo.ExerciceGoal (ExerciceId, GoalId) VALUES (69, 2)
INSERT INTO dbo.ExerciceGoal (ExerciceId, GoalId) VALUES (70, 2)
INSERT INTO dbo.ExerciceGoal (ExerciceId, GoalId) VALUES (71, 2)
INSERT INTO dbo.ExerciceGoal (ExerciceId, GoalId) VALUES (72, 2)
INSERT INTO dbo.ExerciceGoal (ExerciceId, GoalId) VALUES (73, 2)
INSERT INTO dbo.ExerciceGoal (ExerciceId, GoalId) VALUES (74, 2)
INSERT INTO dbo.ExerciceGoal (ExerciceId, GoalId) VALUES (75, 2)
INSERT INTO dbo.ExerciceGoal (ExerciceId, GoalId) VALUES (76, 2)
INSERT INTO dbo.ExerciceGoal (ExerciceId, GoalId) VALUES (77, 2)
INSERT INTO dbo.ExerciceGoal (ExerciceId, GoalId) VALUES (78, 2)
INSERT INTO dbo.ExerciceGoal (ExerciceId, GoalId) VALUES (79, 2)
INSERT INTO dbo.ExerciceGoal (ExerciceId, GoalId) VALUES (80, 2)
INSERT INTO dbo.ExerciceGoal (ExerciceId, GoalId) VALUES (81, 2)
INSERT INTO dbo.ExerciceGoal (ExerciceId, GoalId) VALUES (82, 2)
-- Explosiveness
INSERT INTO dbo.ExerciceGoal (ExerciceId, GoalId) VALUES (42, 3)
INSERT INTO dbo.ExerciceGoal (ExerciceId, GoalId) VALUES (43, 3)
INSERT INTO dbo.ExerciceGoal (ExerciceId, GoalId) VALUES (44, 3)
INSERT INTO dbo.ExerciceGoal (ExerciceId, GoalId) VALUES (45, 3)
INSERT INTO dbo.ExerciceGoal (ExerciceId, GoalId) VALUES (46, 3)
INSERT INTO dbo.ExerciceGoal (ExerciceId, GoalId) VALUES (47, 3)
INSERT INTO dbo.ExerciceGoal (ExerciceId, GoalId) VALUES (48, 3)
INSERT INTO dbo.ExerciceGoal (ExerciceId, GoalId) VALUES (49, 3)
INSERT INTO dbo.ExerciceGoal (ExerciceId, GoalId) VALUES (50, 3)
INSERT INTO dbo.ExerciceGoal (ExerciceId, GoalId) VALUES (51, 3)
INSERT INTO dbo.ExerciceGoal (ExerciceId, GoalId) VALUES (52, 3)
INSERT INTO dbo.ExerciceGoal (ExerciceId, GoalId) VALUES (53, 3)
INSERT INTO dbo.ExerciceGoal (ExerciceId, GoalId) VALUES (54, 3)
INSERT INTO dbo.ExerciceGoal (ExerciceId, GoalId) VALUES (55, 3)
INSERT INTO dbo.ExerciceGoal (ExerciceId, GoalId) VALUES (56, 3)
INSERT INTO dbo.ExerciceGoal (ExerciceId, GoalId) VALUES (57, 3)
INSERT INTO dbo.ExerciceGoal (ExerciceId, GoalId) VALUES (58, 3)
INSERT INTO dbo.ExerciceGoal (ExerciceId, GoalId) VALUES (59, 3)
INSERT INTO dbo.ExerciceGoal (ExerciceId, GoalId) VALUES (60, 3)
INSERT INTO dbo.ExerciceGoal (ExerciceId, GoalId) VALUES (61, 3)
INSERT INTO dbo.ExerciceGoal (ExerciceId, GoalId) VALUES (62, 3)
INSERT INTO dbo.ExerciceGoal (ExerciceId, GoalId) VALUES (63, 3)
INSERT INTO dbo.ExerciceGoal (ExerciceId, GoalId) VALUES (64, 3)
INSERT INTO dbo.ExerciceGoal (ExerciceId, GoalId) VALUES (65, 3)
INSERT INTO dbo.ExerciceGoal (ExerciceId, GoalId) VALUES (66, 3)
INSERT INTO dbo.ExerciceGoal (ExerciceId, GoalId) VALUES (67, 3)
INSERT INTO dbo.ExerciceGoal (ExerciceId, GoalId) VALUES (68, 3)
INSERT INTO dbo.ExerciceGoal (ExerciceId, GoalId) VALUES (69, 3)
INSERT INTO dbo.ExerciceGoal (ExerciceId, GoalId) VALUES (70, 3)
INSERT INTO dbo.ExerciceGoal (ExerciceId, GoalId) VALUES (71, 3)
INSERT INTO dbo.ExerciceGoal (ExerciceId, GoalId) VALUES (72, 3)
INSERT INTO dbo.ExerciceGoal (ExerciceId, GoalId) VALUES (73, 3)
INSERT INTO dbo.ExerciceGoal (ExerciceId, GoalId) VALUES (74, 3)
INSERT INTO dbo.ExerciceGoal (ExerciceId, GoalId) VALUES (75, 3)
INSERT INTO dbo.ExerciceGoal (ExerciceId, GoalId) VALUES (76, 3)
INSERT INTO dbo.ExerciceGoal (ExerciceId, GoalId) VALUES (77, 3)
INSERT INTO dbo.ExerciceGoal (ExerciceId, GoalId) VALUES (78, 3)
INSERT INTO dbo.ExerciceGoal (ExerciceId, GoalId) VALUES (79, 3)
INSERT INTO dbo.ExerciceGoal (ExerciceId, GoalId) VALUES (80, 3)
INSERT INTO dbo.ExerciceGoal (ExerciceId, GoalId) VALUES (81, 3)
INSERT INTO dbo.ExerciceGoal (ExerciceId, GoalId) VALUES (82, 3)
-- Strength
INSERT INTO dbo.ExerciceGoal (ExerciceId, GoalId) VALUES (1, 4)
INSERT INTO dbo.ExerciceGoal (ExerciceId, GoalId) VALUES (2, 4)
INSERT INTO dbo.ExerciceGoal (ExerciceId, GoalId) VALUES (3, 4)
INSERT INTO dbo.ExerciceGoal (ExerciceId, GoalId) VALUES (4, 4)
INSERT INTO dbo.ExerciceGoal (ExerciceId, GoalId) VALUES (5, 4)
INSERT INTO dbo.ExerciceGoal (ExerciceId, GoalId) VALUES (6, 4)
INSERT INTO dbo.ExerciceGoal (ExerciceId, GoalId) VALUES (7, 4)
INSERT INTO dbo.ExerciceGoal (ExerciceId, GoalId) VALUES (8, 4)
INSERT INTO dbo.ExerciceGoal (ExerciceId, GoalId) VALUES (9, 4)
INSERT INTO dbo.ExerciceGoal (ExerciceId, GoalId) VALUES (10, 4)
INSERT INTO dbo.ExerciceGoal (ExerciceId, GoalId) VALUES (11, 4)
INSERT INTO dbo.ExerciceGoal (ExerciceId, GoalId) VALUES (12, 4)
INSERT INTO dbo.ExerciceGoal (ExerciceId, GoalId) VALUES (13, 4)
INSERT INTO dbo.ExerciceGoal (ExerciceId, GoalId) VALUES (14, 4)
INSERT INTO dbo.ExerciceGoal (ExerciceId, GoalId) VALUES (15, 4)
INSERT INTO dbo.ExerciceGoal (ExerciceId, GoalId) VALUES (16, 4)
INSERT INTO dbo.ExerciceGoal (ExerciceId, GoalId) VALUES (17, 4)
INSERT INTO dbo.ExerciceGoal (ExerciceId, GoalId) VALUES (18, 4)
INSERT INTO dbo.ExerciceGoal (ExerciceId, GoalId) VALUES (19, 4)
INSERT INTO dbo.ExerciceGoal (ExerciceId, GoalId) VALUES (20, 4)
INSERT INTO dbo.ExerciceGoal (ExerciceId, GoalId) VALUES (21, 4)
INSERT INTO dbo.ExerciceGoal (ExerciceId, GoalId) VALUES (22, 4)
INSERT INTO dbo.ExerciceGoal (ExerciceId, GoalId) VALUES (23, 4)
INSERT INTO dbo.ExerciceGoal (ExerciceId, GoalId) VALUES (24, 4)
INSERT INTO dbo.ExerciceGoal (ExerciceId, GoalId) VALUES (25, 4)
INSERT INTO dbo.ExerciceGoal (ExerciceId, GoalId) VALUES (26, 4)
INSERT INTO dbo.ExerciceGoal (ExerciceId, GoalId) VALUES (27, 4)
INSERT INTO dbo.ExerciceGoal (ExerciceId, GoalId) VALUES (28, 4)
INSERT INTO dbo.ExerciceGoal (ExerciceId, GoalId) VALUES (29, 4)
INSERT INTO dbo.ExerciceGoal (ExerciceId, GoalId) VALUES (30, 4)
INSERT INTO dbo.ExerciceGoal (ExerciceId, GoalId) VALUES (31, 4)
INSERT INTO dbo.ExerciceGoal (ExerciceId, GoalId) VALUES (32, 4)
INSERT INTO dbo.ExerciceGoal (ExerciceId, GoalId) VALUES (33, 4)
INSERT INTO dbo.ExerciceGoal (ExerciceId, GoalId) VALUES (34, 4)
INSERT INTO dbo.ExerciceGoal (ExerciceId, GoalId) VALUES (35, 4)
INSERT INTO dbo.ExerciceGoal (ExerciceId, GoalId) VALUES (36, 4)



-- Musculation
INSERT INTO dbo.ExerciceEquipment (ExerciceId, EquipmentId) VALUES (1, 2)
INSERT INTO dbo.ExerciceEquipment (ExerciceId, EquipmentId) VALUES (2, 2)
INSERT INTO dbo.ExerciceEquipment (ExerciceId, EquipmentId) VALUES (2, 3)
INSERT INTO dbo.ExerciceEquipment (ExerciceId, EquipmentId) VALUES (3, 2)
INSERT INTO dbo.ExerciceEquipment (ExerciceId, EquipmentId) VALUES (3, 3)
INSERT INTO dbo.ExerciceEquipment (ExerciceId, EquipmentId) VALUES (4, 2)
INSERT INTO dbo.ExerciceEquipment (ExerciceId, EquipmentId) VALUES (4, 3)
INSERT INTO dbo.ExerciceEquipment (ExerciceId, EquipmentId) VALUES (5, 2)
INSERT INTO dbo.ExerciceEquipment (ExerciceId, EquipmentId) VALUES (5, 3)
INSERT INTO dbo.ExerciceEquipment (ExerciceId, EquipmentId) VALUES (6, 2)
INSERT INTO dbo.ExerciceEquipment (ExerciceId, EquipmentId) VALUES (7, 2)
INSERT INTO dbo.ExerciceEquipment (ExerciceId, EquipmentId) VALUES (7, 3)
INSERT INTO dbo.ExerciceEquipment (ExerciceId, EquipmentId) VALUES (8, 2)
INSERT INTO dbo.ExerciceEquipment (ExerciceId, EquipmentId) VALUES (9, 2)
INSERT INTO dbo.ExerciceEquipment (ExerciceId, EquipmentId) VALUES (9, 3)
INSERT INTO dbo.ExerciceEquipment (ExerciceId, EquipmentId) VALUES (10, 2)
INSERT INTO dbo.ExerciceEquipment (ExerciceId, EquipmentId) VALUES (11, 2)
INSERT INTO dbo.ExerciceEquipment (ExerciceId, EquipmentId) VALUES (12, 2)
INSERT INTO dbo.ExerciceEquipment (ExerciceId, EquipmentId) VALUES (13, 2)
INSERT INTO dbo.ExerciceEquipment (ExerciceId, EquipmentId) VALUES (14, 2)
INSERT INTO dbo.ExerciceEquipment (ExerciceId, EquipmentId) VALUES (14, 3)
INSERT INTO dbo.ExerciceEquipment (ExerciceId, EquipmentId) VALUES (15, 2)
INSERT INTO dbo.ExerciceEquipment (ExerciceId, EquipmentId) VALUES (16, 2)
INSERT INTO dbo.ExerciceEquipment (ExerciceId, EquipmentId) VALUES (17, 2)
INSERT INTO dbo.ExerciceEquipment (ExerciceId, EquipmentId) VALUES (17, 3)
INSERT INTO dbo.ExerciceEquipment (ExerciceId, EquipmentId) VALUES (18, 2)
INSERT INTO dbo.ExerciceEquipment (ExerciceId, EquipmentId) VALUES (18, 3)
INSERT INTO dbo.ExerciceEquipment (ExerciceId, EquipmentId) VALUES (19, 2)
INSERT INTO dbo.ExerciceEquipment (ExerciceId, EquipmentId) VALUES (20, 2)
INSERT INTO dbo.ExerciceEquipment (ExerciceId, EquipmentId) VALUES (21, 2)
INSERT INTO dbo.ExerciceEquipment (ExerciceId, EquipmentId) VALUES (21, 3)
INSERT INTO dbo.ExerciceEquipment (ExerciceId, EquipmentId) VALUES (22, 2)
INSERT INTO dbo.ExerciceEquipment (ExerciceId, EquipmentId) VALUES (23, 2)
INSERT INTO dbo.ExerciceEquipment (ExerciceId, EquipmentId) VALUES (23, 3)
INSERT INTO dbo.ExerciceEquipment (ExerciceId, EquipmentId) VALUES (24, 2)
INSERT INTO dbo.ExerciceEquipment (ExerciceId, EquipmentId) VALUES (24, 3)
INSERT INTO dbo.ExerciceEquipment (ExerciceId, EquipmentId) VALUES (25, 2)
INSERT INTO dbo.ExerciceEquipment (ExerciceId, EquipmentId) VALUES (26, 2)
INSERT INTO dbo.ExerciceEquipment (ExerciceId, EquipmentId) VALUES (27, 2)
INSERT INTO dbo.ExerciceEquipment (ExerciceId, EquipmentId) VALUES (28, 2)
INSERT INTO dbo.ExerciceEquipment (ExerciceId, EquipmentId) VALUES (29, 2)
INSERT INTO dbo.ExerciceEquipment (ExerciceId, EquipmentId) VALUES (30, 2)
INSERT INTO dbo.ExerciceEquipment (ExerciceId, EquipmentId) VALUES (30, 3)
INSERT INTO dbo.ExerciceEquipment (ExerciceId, EquipmentId) VALUES (31, 2)
INSERT INTO dbo.ExerciceEquipment (ExerciceId, EquipmentId) VALUES (32, 2)
INSERT INTO dbo.ExerciceEquipment (ExerciceId, EquipmentId) VALUES (32, 3)
INSERT INTO dbo.ExerciceEquipment (ExerciceId, EquipmentId) VALUES (33, 2)
INSERT INTO dbo.ExerciceEquipment (ExerciceId, EquipmentId) VALUES (34, 2)
INSERT INTO dbo.ExerciceEquipment (ExerciceId, EquipmentId) VALUES (35, 2)
INSERT INTO dbo.ExerciceEquipment (ExerciceId, EquipmentId) VALUES (35, 3)
INSERT INTO dbo.ExerciceEquipment (ExerciceId, EquipmentId) VALUES (36, 2)
-- Cardio
INSERT INTO dbo.ExerciceEquipment (ExerciceId, EquipmentId) VALUES (37, 1)
INSERT INTO dbo.ExerciceEquipment (ExerciceId, EquipmentId) VALUES (38, 1)
INSERT INTO dbo.ExerciceEquipment (ExerciceId, EquipmentId) VALUES (39, 1)
INSERT INTO dbo.ExerciceEquipment (ExerciceId, EquipmentId) VALUES (40, 1)
INSERT INTO dbo.ExerciceEquipment (ExerciceId, EquipmentId) VALUES (41, 1)
-- Crossfit / HIIT
INSERT INTO dbo.ExerciceEquipment (ExerciceId, EquipmentId) VALUES (42, 1)
INSERT INTO dbo.ExerciceEquipment (ExerciceId, EquipmentId) VALUES (43, 1)
INSERT INTO dbo.ExerciceEquipment (ExerciceId, EquipmentId) VALUES (44, 1)
INSERT INTO dbo.ExerciceEquipment (ExerciceId, EquipmentId) VALUES (45, 1)
INSERT INTO dbo.ExerciceEquipment (ExerciceId, EquipmentId) VALUES (46, 1)
INSERT INTO dbo.ExerciceEquipment (ExerciceId, EquipmentId) VALUES (47, 1)
INSERT INTO dbo.ExerciceEquipment (ExerciceId, EquipmentId) VALUES (48, 1)
INSERT INTO dbo.ExerciceEquipment (ExerciceId, EquipmentId) VALUES (49, 1)
INSERT INTO dbo.ExerciceEquipment (ExerciceId, EquipmentId) VALUES (50, 1)
INSERT INTO dbo.ExerciceEquipment (ExerciceId, EquipmentId) VALUES (51, 1)
INSERT INTO dbo.ExerciceEquipment (ExerciceId, EquipmentId) VALUES (52, 1)
INSERT INTO dbo.ExerciceEquipment (ExerciceId, EquipmentId) VALUES (53, 1)
INSERT INTO dbo.ExerciceEquipment (ExerciceId, EquipmentId) VALUES (54, 1)
INSERT INTO dbo.ExerciceEquipment (ExerciceId, EquipmentId) VALUES (55, 1)
INSERT INTO dbo.ExerciceEquipment (ExerciceId, EquipmentId) VALUES (56, 1)
INSERT INTO dbo.ExerciceEquipment (ExerciceId, EquipmentId) VALUES (57, 1)
INSERT INTO dbo.ExerciceEquipment (ExerciceId, EquipmentId) VALUES (58, 1)
INSERT INTO dbo.ExerciceEquipment (ExerciceId, EquipmentId) VALUES (59, 1)
INSERT INTO dbo.ExerciceEquipment (ExerciceId, EquipmentId) VALUES (60, 1)
INSERT INTO dbo.ExerciceEquipment (ExerciceId, EquipmentId) VALUES (61, 1)
INSERT INTO dbo.ExerciceEquipment (ExerciceId, EquipmentId) VALUES (62, 1)
INSERT INTO dbo.ExerciceEquipment (ExerciceId, EquipmentId) VALUES (63, 1)
INSERT INTO dbo.ExerciceEquipment (ExerciceId, EquipmentId) VALUES (64, 1)
INSERT INTO dbo.ExerciceEquipment (ExerciceId, EquipmentId) VALUES (65, 1)
INSERT INTO dbo.ExerciceEquipment (ExerciceId, EquipmentId) VALUES (66, 1)
INSERT INTO dbo.ExerciceEquipment (ExerciceId, EquipmentId) VALUES (67, 1)
INSERT INTO dbo.ExerciceEquipment (ExerciceId, EquipmentId) VALUES (68, 1)
INSERT INTO dbo.ExerciceEquipment (ExerciceId, EquipmentId) VALUES (69, 1)
INSERT INTO dbo.ExerciceEquipment (ExerciceId, EquipmentId) VALUES (70, 1)
INSERT INTO dbo.ExerciceEquipment (ExerciceId, EquipmentId) VALUES (71, 1)
INSERT INTO dbo.ExerciceEquipment (ExerciceId, EquipmentId) VALUES (72, 1)
INSERT INTO dbo.ExerciceEquipment (ExerciceId, EquipmentId) VALUES (73, 1)
INSERT INTO dbo.ExerciceEquipment (ExerciceId, EquipmentId) VALUES (74, 1)
INSERT INTO dbo.ExerciceEquipment (ExerciceId, EquipmentId) VALUES (75, 1)
INSERT INTO dbo.ExerciceEquipment (ExerciceId, EquipmentId) VALUES (76, 1)
INSERT INTO dbo.ExerciceEquipment (ExerciceId, EquipmentId) VALUES (77, 1)
INSERT INTO dbo.ExerciceEquipment (ExerciceId, EquipmentId) VALUES (78, 1)
INSERT INTO dbo.ExerciceEquipment (ExerciceId, EquipmentId) VALUES (79, 1)
INSERT INTO dbo.ExerciceEquipment (ExerciceId, EquipmentId) VALUES (80, 1)
INSERT INTO dbo.ExerciceEquipment (ExerciceId, EquipmentId) VALUES (81, 1)
INSERT INTO dbo.ExerciceEquipment (ExerciceId, EquipmentId) VALUES (82, 1)



-- Musculation
INSERT INTO dbo.ExerciceMuscleGroup (ExerciceId, MuscleGroupId) VALUES (1, 3)
INSERT INTO dbo.ExerciceMuscleGroup (ExerciceId, MuscleGroupId) VALUES (2, 3)
INSERT INTO dbo.ExerciceMuscleGroup (ExerciceId, MuscleGroupId) VALUES (3, 3)
INSERT INTO dbo.ExerciceMuscleGroup (ExerciceId, MuscleGroupId) VALUES (4, 3)
INSERT INTO dbo.ExerciceMuscleGroup (ExerciceId, MuscleGroupId) VALUES (5, 3)
INSERT INTO dbo.ExerciceMuscleGroup (ExerciceId, MuscleGroupId) VALUES (6, 4)
INSERT INTO dbo.ExerciceMuscleGroup (ExerciceId, MuscleGroupId) VALUES (7, 4)
INSERT INTO dbo.ExerciceMuscleGroup (ExerciceId, MuscleGroupId) VALUES (8, 4)
INSERT INTO dbo.ExerciceMuscleGroup (ExerciceId, MuscleGroupId) VALUES (9, 4)
INSERT INTO dbo.ExerciceMuscleGroup (ExerciceId, MuscleGroupId) VALUES (10, 4)
INSERT INTO dbo.ExerciceMuscleGroup (ExerciceId, MuscleGroupId) VALUES (11, 5)
INSERT INTO dbo.ExerciceMuscleGroup (ExerciceId, MuscleGroupId) VALUES (12, 5)
INSERT INTO dbo.ExerciceMuscleGroup (ExerciceId, MuscleGroupId) VALUES (13, 5)
INSERT INTO dbo.ExerciceMuscleGroup (ExerciceId, MuscleGroupId) VALUES (14, 5)
INSERT INTO dbo.ExerciceMuscleGroup (ExerciceId, MuscleGroupId) VALUES (15, 5)
INSERT INTO dbo.ExerciceMuscleGroup (ExerciceId, MuscleGroupId) VALUES (16, 2)
INSERT INTO dbo.ExerciceMuscleGroup (ExerciceId, MuscleGroupId) VALUES (17, 2)
INSERT INTO dbo.ExerciceMuscleGroup (ExerciceId, MuscleGroupId) VALUES (18, 2)
INSERT INTO dbo.ExerciceMuscleGroup (ExerciceId, MuscleGroupId) VALUES (19, 2)
INSERT INTO dbo.ExerciceMuscleGroup (ExerciceId, MuscleGroupId) VALUES (20, 2)
INSERT INTO dbo.ExerciceMuscleGroup (ExerciceId, MuscleGroupId) VALUES (21, 2)
INSERT INTO dbo.ExerciceMuscleGroup (ExerciceId, MuscleGroupId) VALUES (22, 6)
INSERT INTO dbo.ExerciceMuscleGroup (ExerciceId, MuscleGroupId) VALUES (23, 6)
INSERT INTO dbo.ExerciceMuscleGroup (ExerciceId, MuscleGroupId) VALUES (24, 6)
INSERT INTO dbo.ExerciceMuscleGroup (ExerciceId, MuscleGroupId) VALUES (25, 6)
INSERT INTO dbo.ExerciceMuscleGroup (ExerciceId, MuscleGroupId) VALUES (26, 6)
INSERT INTO dbo.ExerciceMuscleGroup (ExerciceId, MuscleGroupId) VALUES (27, 1)
INSERT INTO dbo.ExerciceMuscleGroup (ExerciceId, MuscleGroupId) VALUES (28, 1)
INSERT INTO dbo.ExerciceMuscleGroup (ExerciceId, MuscleGroupId) VALUES (29, 1)
INSERT INTO dbo.ExerciceMuscleGroup (ExerciceId, MuscleGroupId) VALUES (30, 1)
INSERT INTO dbo.ExerciceMuscleGroup (ExerciceId, MuscleGroupId) VALUES (31, 1)
INSERT INTO dbo.ExerciceMuscleGroup (ExerciceId, MuscleGroupId) VALUES (32, 7)
INSERT INTO dbo.ExerciceMuscleGroup (ExerciceId, MuscleGroupId) VALUES (33, 7)
INSERT INTO dbo.ExerciceMuscleGroup (ExerciceId, MuscleGroupId) VALUES (34, 7)
INSERT INTO dbo.ExerciceMuscleGroup (ExerciceId, MuscleGroupId) VALUES (35, 7)
INSERT INTO dbo.ExerciceMuscleGroup (ExerciceId, MuscleGroupId) VALUES (36, 7)
-- Cardio
INSERT INTO dbo.ExerciceMuscleGroup (ExerciceId, MuscleGroupId) VALUES (37, 1)
INSERT INTO dbo.ExerciceMuscleGroup (ExerciceId, MuscleGroupId) VALUES (38, 1)
INSERT INTO dbo.ExerciceMuscleGroup (ExerciceId, MuscleGroupId) VALUES (39, 1)
INSERT INTO dbo.ExerciceMuscleGroup (ExerciceId, MuscleGroupId) VALUES (40, 1)
INSERT INTO dbo.ExerciceMuscleGroup (ExerciceId, MuscleGroupId) VALUES (40, 2)
INSERT INTO dbo.ExerciceMuscleGroup (ExerciceId, MuscleGroupId) VALUES (40, 3)
INSERT INTO dbo.ExerciceMuscleGroup (ExerciceId, MuscleGroupId) VALUES (40, 4)
INSERT INTO dbo.ExerciceMuscleGroup (ExerciceId, MuscleGroupId) VALUES (40, 5)
INSERT INTO dbo.ExerciceMuscleGroup (ExerciceId, MuscleGroupId) VALUES (40, 6)
INSERT INTO dbo.ExerciceMuscleGroup (ExerciceId, MuscleGroupId) VALUES (40, 7)
INSERT INTO dbo.ExerciceMuscleGroup (ExerciceId, MuscleGroupId) VALUES (41, 1)
-- Crossfit / Cardio
INSERT INTO dbo.ExerciceMuscleGroup (ExerciceId, MuscleGroupId) VALUES (42, 5)
INSERT INTO dbo.ExerciceMuscleGroup (ExerciceId, MuscleGroupId) VALUES (43, 5)
INSERT INTO dbo.ExerciceMuscleGroup (ExerciceId, MuscleGroupId) VALUES (44, 1)
INSERT INTO dbo.ExerciceMuscleGroup (ExerciceId, MuscleGroupId) VALUES (45, 1)
INSERT INTO dbo.ExerciceMuscleGroup (ExerciceId, MuscleGroupId) VALUES (46, 1)
INSERT INTO dbo.ExerciceMuscleGroup (ExerciceId, MuscleGroupId) VALUES (47, 6)
INSERT INTO dbo.ExerciceMuscleGroup (ExerciceId, MuscleGroupId) VALUES (48, 1)
INSERT INTO dbo.ExerciceMuscleGroup (ExerciceId, MuscleGroupId) VALUES (49, 2)
INSERT INTO dbo.ExerciceMuscleGroup (ExerciceId, MuscleGroupId) VALUES (49, 3)
INSERT INTO dbo.ExerciceMuscleGroup (ExerciceId, MuscleGroupId) VALUES (49, 4)
INSERT INTO dbo.ExerciceMuscleGroup (ExerciceId, MuscleGroupId) VALUES (50, 7)
INSERT INTO dbo.ExerciceMuscleGroup (ExerciceId, MuscleGroupId) VALUES (51, 1)
INSERT INTO dbo.ExerciceMuscleGroup (ExerciceId, MuscleGroupId) VALUES (52, 1)
INSERT INTO dbo.ExerciceMuscleGroup (ExerciceId, MuscleGroupId) VALUES (53, 1)
INSERT INTO dbo.ExerciceMuscleGroup (ExerciceId, MuscleGroupId) VALUES (54, 1)
INSERT INTO dbo.ExerciceMuscleGroup (ExerciceId, MuscleGroupId) VALUES (55, 2)
INSERT INTO dbo.ExerciceMuscleGroup (ExerciceId, MuscleGroupId) VALUES (55, 3)
INSERT INTO dbo.ExerciceMuscleGroup (ExerciceId, MuscleGroupId) VALUES (55, 4)
INSERT INTO dbo.ExerciceMuscleGroup (ExerciceId, MuscleGroupId) VALUES (55, 6)
INSERT INTO dbo.ExerciceMuscleGroup (ExerciceId, MuscleGroupId) VALUES (56, 1)
INSERT INTO dbo.ExerciceMuscleGroup (ExerciceId, MuscleGroupId) VALUES (56, 6)
INSERT INTO dbo.ExerciceMuscleGroup (ExerciceId, MuscleGroupId) VALUES (57, 6)
INSERT INTO dbo.ExerciceMuscleGroup (ExerciceId, MuscleGroupId) VALUES (58, 2)
INSERT INTO dbo.ExerciceMuscleGroup (ExerciceId, MuscleGroupId) VALUES (58, 4)
INSERT INTO dbo.ExerciceMuscleGroup (ExerciceId, MuscleGroupId) VALUES (59, 6)
INSERT INTO dbo.ExerciceMuscleGroup (ExerciceId, MuscleGroupId) VALUES (60, 5)
INSERT INTO dbo.ExerciceMuscleGroup (ExerciceId, MuscleGroupId) VALUES (61, 6)
INSERT INTO dbo.ExerciceMuscleGroup (ExerciceId, MuscleGroupId) VALUES (62, 5)
INSERT INTO dbo.ExerciceMuscleGroup (ExerciceId, MuscleGroupId) VALUES (62, 6)
INSERT INTO dbo.ExerciceMuscleGroup (ExerciceId, MuscleGroupId) VALUES (63, 3)
INSERT INTO dbo.ExerciceMuscleGroup (ExerciceId, MuscleGroupId) VALUES (64, 7)
INSERT INTO dbo.ExerciceMuscleGroup (ExerciceId, MuscleGroupId) VALUES (65, 6)
INSERT INTO dbo.ExerciceMuscleGroup (ExerciceId, MuscleGroupId) VALUES (66, 6)
INSERT INTO dbo.ExerciceMuscleGroup (ExerciceId, MuscleGroupId) VALUES (67, 6)
INSERT INTO dbo.ExerciceMuscleGroup (ExerciceId, MuscleGroupId) VALUES (68, 6)
INSERT INTO dbo.ExerciceMuscleGroup (ExerciceId, MuscleGroupId) VALUES (69, 1)
INSERT INTO dbo.ExerciceMuscleGroup (ExerciceId, MuscleGroupId) VALUES (70, 1)
INSERT INTO dbo.ExerciceMuscleGroup (ExerciceId, MuscleGroupId) VALUES (71, 1)
INSERT INTO dbo.ExerciceMuscleGroup (ExerciceId, MuscleGroupId) VALUES (71, 6)
INSERT INTO dbo.ExerciceMuscleGroup (ExerciceId, MuscleGroupId) VALUES (72, 6)
INSERT INTO dbo.ExerciceMuscleGroup (ExerciceId, MuscleGroupId) VALUES (72, 5)
INSERT INTO dbo.ExerciceMuscleGroup (ExerciceId, MuscleGroupId) VALUES (73, 6)
INSERT INTO dbo.ExerciceMuscleGroup (ExerciceId, MuscleGroupId) VALUES (74, 6)
INSERT INTO dbo.ExerciceMuscleGroup (ExerciceId, MuscleGroupId) VALUES (75, 6)
INSERT INTO dbo.ExerciceMuscleGroup (ExerciceId, MuscleGroupId) VALUES (76, 6)
INSERT INTO dbo.ExerciceMuscleGroup (ExerciceId, MuscleGroupId) VALUES (77, 6)
INSERT INTO dbo.ExerciceMuscleGroup (ExerciceId, MuscleGroupId) VALUES (78, 3)
INSERT INTO dbo.ExerciceMuscleGroup (ExerciceId, MuscleGroupId) VALUES (78, 4)
INSERT INTO dbo.ExerciceMuscleGroup (ExerciceId, MuscleGroupId) VALUES (78, 6)
INSERT INTO dbo.ExerciceMuscleGroup (ExerciceId, MuscleGroupId) VALUES (79, 3)
INSERT INTO dbo.ExerciceMuscleGroup (ExerciceId, MuscleGroupId) VALUES (79, 4)
INSERT INTO dbo.ExerciceMuscleGroup (ExerciceId, MuscleGroupId) VALUES (79, 6)
INSERT INTO dbo.ExerciceMuscleGroup (ExerciceId, MuscleGroupId) VALUES (80, 6)
INSERT INTO dbo.ExerciceMuscleGroup (ExerciceId, MuscleGroupId) VALUES (81, 3)
INSERT INTO dbo.ExerciceMuscleGroup (ExerciceId, MuscleGroupId) VALUES (81, 4)
INSERT INTO dbo.ExerciceMuscleGroup (ExerciceId, MuscleGroupId) VALUES (81, 6)
INSERT INTO dbo.ExerciceMuscleGroup (ExerciceId, MuscleGroupId) VALUES (82, 1)
INSERT INTO dbo.ExerciceMuscleGroup (ExerciceId, MuscleGroupId) VALUES (82, 7)